Domain,Median_total,Median_Africa,Median_Asia,Median_S.America,Median_DC8,Median_DC11,Median_DC15,Median_DC16,Median_DBLa2-CIDRa1.1 head with DBLb12-DBLg6,Median_DBLa2-CIDRa1.1 head with DBLb12-DBLg4,Median_DBLa2-CIDRa1.8 head with DBLb12-DBLg6,Median_DBLa2-CIDRa1.8 head with DBLb12-DBLg4,Median_DBLa1.2-CIDRa1.1 head with DBLb12-DBLg4,Median_DBLa1.2-CIDRa1.1 head with DBLb12-DBLg6,Median_DBLa2-CIDRa1.1 head with DBLb-x,Median_DBLa2-CIDRa1.1 head with DBLg-x,Median_DBLa1.2-CIDRa1.1 head with DBLb-x,Median_DBLa2-CIDRa1.8 head with DBLb-x,Median_TM284var1-like with CIDRb2 head,Median_TM284var1-like with CIDRg3 head,Median_IT4var60-like with CIDRb2 head,Median_IT4var60-like with CIDRg3 head,Median_11019var1-like with CIDRg3 head,Median_11019var1-like with CIDRb2 head,Median_DC11 DBLz3 variant with CIDRb2 head,Median_DC11 DBLz3 variant with CIDRg3 head,Median_DBLd-C,Median_DBLe ending,Median_DBLe1-C,Median_DBLa1.2-CIDRa1.5b head structure with DBLb,Median_DBLa1.2-CIDRa1.5b head structure with DBLg,Median_DBLa1.2-CIDRa1.5a head structure with DBLb,Median_DBLa1.2-CIDRa1.5a head structure with DBLg,Median_DBLa1.2-CIDRa1.5a head structure with DBLd,Median_DBLa1.5-CIDRd1 head structure with DBLb,Median_DBLa1.5-CIDRd1 head structure with DBLg,Median_DBLa1.5-CIDRd2 head structure with DBLb,Median_DBLa1.5-CIDRd2 head structure with DBLg,Median_DBLa1.6-CIDRd1 head structure with DBLb,Median_DBLa1.6-CIDRd1 head structure with DBLg,Median_DBLa1.6-CIDRd2 head structure with DBLb,Median_DBLa1.6-CIDRd2 head structure with DBLg,Median_DBLa1.6-CIDRg3 head structure with DBLb,Median_DBLa1.6-CIDRg3 head structure with DBLg,Median_DBLa1.6-CIDRg6 head structure with DBLg,Median_other
DBLa1.2,66.449,66.164,67.094,0.0,75.44749999999999,0.0,66.886,0.0,0.0,0.0,0.0,0.0,91.9005,78.168,0.0,0.0,73.964,0.0,0.0,0.0,0.0,0.0,0.0,0.0,0.0,0,0.0,0.0,0.0,68.697,67.304,86.057,77.35,65.2685,0.0,0.0,0.0,0.0,0.0,0.0,0.0,0.0,0.0,0.0,0.0,0.0
DBLa1.5,65.76825000000001,65.948,65.618,0.0,0.0,0.0,0.0,65.739,0.0,0.0,0.0,0.0,0.0,0.0,0.0,0.0,0.0,0.0,0.0,0.0,0.0,0.0,0.0,0.0,0.0,0,0.0,0.0,0.0,0.0,0.0,0.0,0.0,0.0,66.087,66.004,69.1125,67.368,0.0,0.0,0.0,0.0,0.0,0.0,0.0,71.338
DBLa1.6,62.581500000000005,64.482,65.87,63.226,0.0,0.0,0.0,63.900999999999996,0.0,0.0,0.0,0.0,0.0,0.0,0.0,0.0,0.0,0.0,0.0,0.0,0.0,0.0,0.0,0.0,0.0,0,0.0,0.0,0.0,0.0,0.0,0.0,0.0,0.0,0.0,0.0,0.0,0.0,68.931,66.667,72.803,76.445,64.378,65.843,100.0,61.3255
DBLa1.8,70.87,71.058,71.333,0.0,0.0,70.824,0.0,0.0,0.0,0.0,0.0,0.0,0.0,0.0,0.0,0.0,0.0,0.0,71.778,74.25999999999999,100.0,74.78,73.65,74.074,71.795,0,73.718,72.21,70.12700000000001,0.0,0.0,0.0,0.0,0.0,0.0,0.0,0.0,0.0,0.0,0.0,0.0,0.0,0.0,0.0,0.0,67.986
DBLa2,58.6205,58.75,57.2935,0.0,57.987,0.0,0.0,0.0,61.331,57.819,73.9235,62.633,0.0,0.0,59.56,100.0,0.0,62.825,0.0,0.0,0.0,0.0,0.0,0.0,0.0,0,0.0,0.0,0.0,0.0,0.0,0.0,0.0,0.0,0.0,0.0,0.0,0.0,0.0,0.0,0.0,0.0,0.0,0.0,0.0,0.0
DBLb1,49.876999999999995,55.596000000000004,52.765,0.0,55.3305,0.0,96.491,51.503,0.0,0.0,0.0,0.0,0.0,0.0,55.6,0.0,0.0,99.1885,0.0,0.0,0.0,0.0,0.0,0.0,0.0,0,0.0,0.0,0.0,96.491,0.0,0.0,0.0,0.0,0.0,0.0,0.0,0.0,47.013,0.0,0.0,0.0,0.0,0.0,0.0,0.0
DBLb10,48.832,78.194,100.0,0.0,78.556,0.0,0.0,66.882,0.0,0.0,0.0,0.0,0.0,0.0,100.0,0.0,0.0,81.25,0.0,0.0,0.0,0.0,0.0,0.0,0.0,0,0.0,0.0,0.0,0.0,0.0,0.0,0.0,0.0,100.0,0.0,0.0,0.0,67.516,0.0,58.547,0.0,58.333,0.0,0.0,0.0
DBLb11,57.8695,88.47,100.0,0.0,91.266,0.0,0.0,0.0,0.0,0.0,0.0,0.0,0.0,0.0,91.266,0.0,0.0,0.0,0.0,0.0,0.0,0.0,0.0,0.0,0.0,0,0.0,0.0,0.0,0.0,0.0,0.0,0.0,0.0,0.0,0.0,0.0,0.0,0.0,0.0,0.0,0.0,0.0,0.0,0.0,0.0
DBLb12,59.708,59.341,59.091,0.0,59.244,0.0,55.39,100.0,60.0,59.465,59.168499999999995,59.1,100.0,64.043,61.031,0.0,60.626999999999995,60.042,0.0,0.0,0.0,0.0,0.0,0.0,0.0,0,0.0,0.0,0.0,56.2975,0.0,83.865,0.0,0.0,56.4825,0.0,0.0,0.0,0.0,0.0,0.0,0.0,100.0,0.0,0.0,0.0
DBLb13,47.655,60.282,0.0,0.0,100.0,0.0,0.0,73.3155,0.0,0.0,0.0,0.0,0.0,0.0,100.0,0.0,0.0,0.0,0.0,0.0,0.0,0.0,0.0,0.0,0.0,0,0.0,0.0,0.0,0.0,0.0,0.0,0.0,0.0,0.0,88.914,0.0,0.0,0.0,0.0,0.0,0.0,0.0,0.0,0.0,0.0
DBLb3,52.293,53.076499999999996,53.648,0.0,65.244,0.0,54.812,51.087,0.0,0.0,0.0,0.0,0.0,0.0,63.46125,0.0,75.904,100.0,0.0,0.0,0.0,0.0,0.0,0.0,0.0,0,0.0,0.0,0.0,55.668,80.361,70.667,0.0,0.0,51.626999999999995,80.13,61.29600000000001,0.0,51.753,0.0,53.698,0.0,51.9225,0.0,0.0,0.0
DBLb4,60.0865,70.897,71.154,0.0,70.67575,0.0,0.0,0.0,0.0,0.0,0.0,0.0,0.0,0.0,71.209,100.0,0.0,68.5715,0.0,0.0,0.0,0.0,0.0,0.0,0.0,0,0.0,0.0,0.0,0.0,0.0,0.0,0.0,0.0,0.0,0.0,0.0,0.0,0.0,0.0,0.0,0.0,0.0,0.0,0.0,0.0
DBLb5,49.792,51.807,100.0,0.0,62.582249999999995,0.0,100.0,95.9405,0.0,0.0,0.0,0.0,0.0,0.0,90.227,0.0,0.0,53.22825,0.0,0.0,0.0,0.0,0.0,0.0,0.0,0,0.0,0.0,0.0,100.0,0.0,0.0,0.0,0.0,0.0,95.333,0.0,100.0,0.0,0.0,0.0,0.0,100.0,0.0,0.0,0.0
DBLb6,53.385,53.7055,54.176,0.0,77.17150000000001,55.556,54.49,54.43,0.0,100.0,0.0,0.0,0.0,0.0,76.8735,0.0,0.0,0.0,0.0,0.0,0.0,0.0,0.0,0.0,0.0,0,55.556,0.0,0.0,53.747,55.35275,63.559,55.925,0.0,52.183,54.906,56.044,0.0,56.4555,55.471999999999994,59.639,100.0,54.507,54.979,0.0,51.496
DBLb7,53.946749999999994,53.791,54.8595,100.0,50.719,55.3485,57.764,53.0575,0.0,0.0,0.0,0.0,0.0,0.0,0.0,0.0,50.719,0.0,0.0,0.0,0.0,0.0,0.0,0.0,0.0,0,55.3485,0.0,0.0,56.503,63.404,65.0035,99.077,0.0,55.311,57.53,52.588,69.055,57.086,57.347,58.737,56.367,54.757,59.072,0.0,0.0
DBLb8,48.2545,49.3235,0.0,0.0,49.3235,0.0,0.0,0.0,0.0,0.0,0.0,0.0,0.0,0.0,52.016000000000005,0.0,0.0,100.0,0.0,0.0,0.0,0.0,0.0,0.0,0.0,0,0.0,0.0,0.0,0.0,0.0,0.0,0.0,0.0,0.0,0.0,0.0,0.0,0.0,0.0,0.0,0.0,0.0,0.0,0.0,0.0
DBLb9,54.008,54.357,54.7495,0.0,61.589,56.14975,54.762,54.564499999999995,0.0,0.0,58.174,0.0,0.0,0.0,62.3805,0.0,0.0,0.0,0.0,0.0,0.0,0.0,0.0,0.0,0.0,0,56.14975,0.0,0.0,54.6375,56.22125,87.064,99.78,58.861,84.806,55.083,0.0,58.510000000000005,55.153999999999996,55.415,57.883,57.31625,58.264250000000004,54.60325,0.0,55.649
DBLg1,50.71875,58.17175,59.42725,0.0,0.0,0.0,91.268,57.914,0.0,0.0,0.0,0.0,0.0,0.0,0.0,0.0,0.0,0.0,0.0,0.0,0.0,0.0,0.0,0.0,0.0,0,0.0,0.0,0.0,0.0,0.0,0.0,0.0,0.0,80.845,0.0,100.0,0.0,61.144999999999996,0.0,58.817750000000004,0.0,0.0,0.0,0.0,0.0
DBLg10,50.495,49.613,49.468,0.0,73.442,62.797,49.022000000000006,50.125,0.0,0.0,0.0,0.0,0.0,51.908,100.0,0.0,0.0,75.4085,0.0,0.0,0.0,0.0,0.0,0.0,0.0,0,62.797,0.0,0.0,51.286,82.245,87.469,0.0,0.0,54.722,50.627,0.0,88.2,50.131,100.0,56.296,76.6405,48.329499999999996,50.7855,0.0,0.0
DBLg11,52.645,52.279,53.073,45.547,55.591,60.049,52.381,53.333,72.513,0.0,0.0,0.0,0.0,55.3795,55.25,0.0,54.217,56.919,0.0,0.0,0.0,0.0,0.0,0.0,0.0,0,60.049,0.0,0.0,53.068,62.032,100.0,100.0,0.0,54.78,56.218,56.989,63.4105,53.552,85.966,57.5285,100.0,53.7905,68.6465,0.0,64.267
DBLg12,52.987,52.581,52.342,100.0,54.237,0.0,51.902,53.329,0.0,0.0,0.0,0.0,0.0,76.176,65.181,0.0,59.174499999999995,0.0,0.0,0.0,0.0,0.0,0.0,0.0,0.0,0,0.0,0.0,0.0,51.719,54.087999999999994,78.273,55.367,0.0,54.902,54.8855,99.722,57.37025,52.82,54.54975,52.893,57.022,52.3875,55.663,50.413,0.0
DBLg13,53.665,51.760000000000005,57.323,0.0,57.732,57.43825,50.649,51.047,79.4975,0.0,0.0,0.0,0.0,0.0,56.281,0.0,0.0,100.0,0.0,0.0,0.0,0.0,0.0,0.0,0.0,0,57.43825,0.0,0.0,51.8315,56.061,0.0,100.0,0.0,76.353,54.082,0.0,82.987,56.395,100.0,52.732,0.0,53.494,85.714,0.0,0.0
DBLg14,54.403999999999996,57.3875,54.224000000000004,0.0,58.853,0.0,89.764,61.719,54.337,100.0,0.0,88.5415,0.0,0.0,60.1255,100.0,0.0,61.5155,0.0,0.0,0.0,0.0,0.0,0.0,0.0,0,0.0,0.0,0.0,89.764,100.0,0.0,0.0,0.0,100.0,0.0,0.0,0.0,73.79599999999999,100.0,66.244,0.0,100.0,0.0,0.0,0.0
DBLg15,63.411,65.057,92.56,0.0,0.0,0.0,0.0,68.805,0.0,0.0,0.0,0.0,0.0,0.0,0.0,0.0,0.0,0.0,0.0,0.0,0.0,0.0,0.0,0.0,0.0,0,0.0,0.0,0.0,0.0,0.0,0.0,0.0,0.0,98.864,0.0,0.0,0.0,100.0,96.89325,75.66,0.0,0.0,64.27025,100.0,0.0
DBLg16,48.5365,59.026,58.224,0.0,50.571,0.0,59.343,54.464,0.0,0.0,0.0,0.0,0.0,0.0,100.0,0.0,93.255,0.0,0.0,0.0,0.0,0.0,0.0,0.0,0.0,0,0.0,0.0,0.0,59.026,0.0,63.8425,0.0,0.0,43.895,56.725,57.143,0.0,99.7,0.0,100.0,0.0,100.0,100.0,0.0,0.0
DBLg17,49.558499999999995,60.889,66.711,0.0,100.0,100.0,61.663,82.121,100.0,100.0,0.0,0.0,0.0,0.0,84.7345,0.0,0.0,0.0,0.0,0.0,0.0,0.0,0.0,0.0,0.0,0,100.0,0.0,0.0,73.3595,61.741,88.068,100.0,0.0,0.0,0.0,0.0,0.0,0.0,0.0,0.0,0.0,100.0,88.301,0.0,0.0
DBLg18,33.333,90.986,100.0,0.0,50.664500000000004,0.0,0.0,100.0,0.0,0.0,0.0,0.0,0.0,0.0,49.444,0.0,0.0,0.0,0.0,0.0,0.0,0.0,0.0,0.0,0.0,0,0.0,0.0,0.0,0.0,0.0,0.0,0.0,0.0,0.0,0.0,0.0,0.0,0.0,0.0,54.328,0.0,0.0,91.573,100.0,0.0
DBLg2,50.465,49.33,48.965999999999994,0.0,53.25,0.0,50.0,50.245,0.0,100.0,0.0,100.0,52.051,79.1765,56.479,100.0,51.156,100.0,0.0,0.0,0.0,0.0,0.0,0.0,0.0,0,0.0,0.0,0.0,52.507,72.269,64.373,91.451,0.0,52.516000000000005,52.703,52.451,53.634,94.664,48.691,55.908500000000004,91.858,76.29575,75.064,0.0,0.0
DBLg3,52.219,55.1265,59.84,0.0,57.143,0.0,94.0,48.417,0.0,0.0,0.0,0.0,0.0,0.0,57.407,0.0,0.0,55.7635,0.0,0.0,0.0,0.0,0.0,0.0,0.0,0,0.0,0.0,0.0,96.80000000000001,0.0,0.0,0.0,0.0,99.59700000000001,0.0,0.0,0.0,0.0,0.0,0.0,0.0,0.0,100.0,0.0,0.0
DBLg4,53.175,52.646,53.003,0.0,52.564,0.0,55.844,54.308,0.0,53.186,0.0,54.721500000000006,100.0,0.0,56.0195,0.0,55.8735,54.6605,0.0,0.0,0.0,0.0,0.0,0.0,0.0,0,0.0,0.0,0.0,57.757,63.395,73.562,93.425,0.0,54.3335,55.959,53.2305,68.28,53.514,100.0,55.060500000000005,0.0,55.49525,75.0,0.0,0.0
DBLg5,50.48975,52.355,50.829,0.0,56.571,0.0,47.922,51.351,0.0,0.0,0.0,0.0,0.0,0.0,58.333,0.0,70.228,60.111,0.0,0.0,0.0,0.0,0.0,0.0,0.0,0,0.0,0.0,0.0,47.781,100.0,0.0,0.0,0.0,58.501,100.0,0.0,0.0,49.719,0.0,57.754000000000005,0.0,74.157,0.0,0.0,0.0
DBLg6,54.318,53.201,53.994,0.0,53.9645,100.0,75.9495,53.6155,53.552,0.0,56.82125,0.0,0.0,62.712,55.2615,0.0,76.667,50.0415,0.0,0.0,0.0,0.0,0.0,0.0,0.0,0,100.0,0.0,0.0,53.258,51.111,84.97149999999999,0.0,0.0,55.342,60.224000000000004,57.459,0.0,99.5775,55.775999999999996,99.443,0.0,100.0,100.0,0.0,0.0
DBLg7,69.209,70.605,70.904,0.0,0.0,70.48374999999999,95.415,72.571,0.0,0.0,0.0,0.0,0.0,0.0,0.0,0.0,0.0,0.0,75.568,73.6865,100.0,84.53999999999999,73.699,75.284,80.226,0,70.353,73.521,60.375,0.0,95.415,0.0,62.212500000000006,0.0,0.0,0.0,0.0,0.0,0.0,0.0,0.0,0.0,0.0,72.0835,0.0,70.88
DBLg9,45.797,46.335,55.479,0.0,100.0,100.0,99.04325,48.579,100.0,0.0,0.0,0.0,0.0,100.0,71.377,0.0,0.0,0.0,0.0,0.0,0.0,0.0,0.0,0.0,0.0,0,100.0,0.0,0.0,98.994,100.0,0.0,97.2575,0.0,48.462,100.0,0.0,0.0,54.731,0.0,58.609,0.0,69.291,46.846999999999994,0.0,100.0
DBLd1,43.2275,42.803,43.182,0.0,42.969,0.0,43.023,43.195,43.599,43.091,45.823750000000004,44.656,100.0,43.238,43.186,0.0,44.1225,42.5225,0.0,0.0,0.0,0.0,0.0,0.0,0.0,0,0.0,0.0,0.0,43.249,43.667,43.58625000000001,0.0,0.0,43.541,43.26925,44.466499999999996,44.129,43.18,54.945499999999996,42.744,85.32900000000001,48.956,76.901,0.0,0.0
DBLd2,46.729,51.034,50.718,0.0,49.336,49.609,73.427,49.60575,0.0,0.0,0.0,0.0,0.0,0.0,0.0,0.0,0.0,0.0,0.0,0.0,0.0,0.0,0.0,0.0,0.0,0,49.609,0.0,0.0,99.31,73.427,0.0,52.252,0.0,0.0,0.0,0.0,0.0,100.0,0.0,100.0,0.0,0.0,73.898,0.0,0.0
DBLd3,46.9795,50.6395,59.284,0.0,53.182,99.519,86.261,54.505,0.0,0.0,0.0,100.0,0.0,0.0,0.0,100.0,0.0,0.0,0.0,0.0,0.0,0.0,0.0,0.0,0.0,0,99.519,0.0,0.0,73.8025,89.593,74.60300000000001,99.772,0.0,52.5165,83.254,0.0,0.0,51.012,0.0,72.9975,0.0,52.778999999999996,57.579,0.0,0.0
DBLd4,46.788,46.817499999999995,46.95,0.0,49.086,52.804,49.23350000000001,48.6805,44.65525,55.456,44.146,0.0,0.0,0.0,52.02,0.0,0.0,61.539,0.0,0.0,0.0,0.0,0.0,0.0,0.0,0,53.7855,63.697,0.0,47.531000000000006,58.626999999999995,0.0,64.59899999999999,0.0,50.339,72.22200000000001,100.0,77.31700000000001,51.4835,48.608,51.016,98.36699999999999,49.245,47.816,0.0,50.35575
DBLd5,54.676,54.61125,54.186,100.0,51.389,54.878,54.854,54.60525,0.0,100.0,50.766,100.0,0.0,0.0,99.8755,100.0,0.0,46.669,0.0,0.0,0.0,0.0,0.0,0.0,0.0,0,54.902,0.0,0.0,55.147,54.676,63.462,53.349,0.0,59.705,54.811499999999995,83.701,56.0385,53.727999999999994,55.321749999999994,54.717,55.3425,53.04175,55.058499999999995,58.871,54.808749999999996
DBLd6,47.277,100.0,59.838,0.0,100.0,0.0,77.3965,74.01849999999999,100.0,0.0,0.0,0.0,0.0,0.0,0.0,0.0,0.0,0.0,0.0,0.0,0.0,0.0,0.0,0.0,0.0,0,0.0,0.0,0.0,0.0,100.0,0.0,100.0,0.0,0.0,100.0,0.0,0.0,0.0,0.0,100.0,0.0,0.0,0.0,0.0,0.0
DBLd7,45.894,74.0575,100.0,0.0,48.357,0.0,99.1525,100.0,0.0,0.0,0.0,0.0,0.0,0.0,46.062,0.0,0.0,100.0,0.0,0.0,0.0,0.0,0.0,0.0,0.0,0,0.0,0.0,0.0,0.0,99.1525,0.0,0.0,0.0,0.0,100.0,0.0,0.0,100.0,0.0,0.0,100.0,0.0,0.0,0.0,0.0
DBLd8,47.816,83.565,63.028,0.0,41.474,0.0,44.262,85.387,0.0,0.0,0.0,0.0,0.0,0.0,0.0,0.0,0.0,0.0,0.0,0.0,0.0,0.0,0.0,0.0,0.0,0,0.0,0.0,0.0,0.0,0.0,0.0,0.0,0.0,0.0,0.0,0.0,0.0,0.0,0.0,87.558,0.0,76.112,0.0,0.0,0.0
DBLd9,48.110749999999996,44.444,90.647,0.0,0.0,0.0,0.0,90.647,0.0,0.0,0.0,0.0,0.0,0.0,0.0,0.0,0.0,0.0,0.0,0.0,0.0,0.0,0.0,0.0,0.0,0,0.0,0.0,0.0,0.0,0.0,0.0,0.0,0.0,0.0,0.0,0.0,0.0,0.0,100.0,0.0,0.0,100.0,0.0,0.0,0.0
DBLe1,46.684,50.379,48.031,0.0,0.0,91.117,64.7465,49.051,0.0,0.0,0.0,0.0,0.0,0.0,0.0,0.0,0.0,0.0,0.0,0.0,0.0,0.0,0.0,0.0,0.0,0,0.0,0.0,91.117,73.879,0.0,0.0,0.0,0.0,86.9015,0.0,100.0,0.0,57.5995,90.411,57.8935,0.0,57.337,59.249,88.539,0.0
DBLe10,26.087,0.0,0.0,0.0,0.0,0.0,0.0,0.0,0.0,0.0,0.0,0.0,0.0,0.0,0.0,0.0,0.0,0.0,0.0,0.0,0.0,0.0,0.0,0.0,0.0,0,0.0,0.0,0.0,0.0,0.0,0.0,0.0,0.0,0.0,0.0,0.0,0.0,0.0,0.0,0.0,0.0,0.0,0.0,0.0,0.0
DBLe11,77.286,78.022,76.584,0.0,71.726,77.41,100.0,75.482,0.0,67.411,0.0,100.0,0.0,0.0,100.0,0.0,0.0,0.0,80.441,83.2415,100.0,99.403,84.071,84.024,85.503,0,0.0,83.481,0.0,0.0,100.0,0.0,100.0,0.0,0.0,0.0,0.0,0.0,81.845,70.238,0.0,0.0,81.6965,75.549,89.665,84.071
DBLe12,42.275499999999994,62.654,99.685,0.0,85.897,100.0,99.685,99.685,0.0,100.0,0.0,100.0,0.0,0.0,59.875,0.0,0.0,93.91,0.0,0.0,100.0,100.0,0.0,0.0,0.0,0,98.154,0.0,0.0,100.0,99.685,0.0,0.0,0.0,0.0,0.0,0.0,0.0,0.0,0.0,70.8335,0.0,0.0,99.685,0.0,0.0
DBLe13,50.427,55.5415,56.923,0.0,85.28450000000001,59.008,56.923,57.5415,100.0,0.0,0.0,0.0,0.0,0.0,90.9885,0.0,0.0,0.0,0.0,0.0,0.0,0.0,0.0,0.0,0.0,0,59.008,0.0,0.0,100.0,57.234,0.0,57.8585,0.0,48.974,56.369,0.0,0.0,100.0,53.205,76.9295,93.834,50.0,58.6575,0.0,53.766
DBLe14,47.826,57.353,100.0,0.0,54.252,0.0,0.0,100.0,0.0,63.612,0.0,67.89,0.0,0.0,65.359,0.0,0.0,100.0,0.0,0.0,0.0,0.0,0.0,0.0,0.0,0,0.0,0.0,0.0,0.0,0.0,0.0,0.0,0.0,0.0,0.0,0.0,0.0,0.0,0.0,0.0,100.0,0.0,98.6365,0.0,0.0
DBLe2,37.557,59.143,56.522,0.0,57.396,58.974,64.0,58.2535,0.0,0.0,0.0,0.0,0.0,0.0,59.538,100.0,0.0,54.493,0.0,0.0,0.0,0.0,0.0,0.0,0.0,0,0.0,0.0,0.0,54.598,64.286,0.0,0.0,0.0,0.0,99.8565,0.0,0.0,51.734,100.0,0.0,0.0,0.0,100.0,0.0,0.0
DBLe3,43.59,51.923,53.922,0.0,58.974,94.855,69.7415,75.962,0.0,72.258,0.0,66.337,0.0,0.0,59.365,0.0,0.0,59.7445,0.0,0.0,0.0,0.0,0.0,0.0,0.0,0,0.0,94.855,0.0,43.087,84.628,0.0,0.0,0.0,0.0,0.0,0.0,0.0,45.8935,92.3255,0.0,0.0,92.7205,85.209,0.0,0.0
DBLe4,50.943,51.089,54.87,0.0,55.0725,56.875249999999994,51.097,74.47550000000001,78.339,55.049,0.0,63.1935,0.0,0.0,55.808,0.0,0.0,58.934,0.0,0.0,0.0,0.0,0.0,0.0,0.0,0,56.875249999999994,0.0,0.0,99.399,51.498000000000005,0.0,100.0,0.0,0.0,0.0,0.0,0.0,100.0,100.0,100.0,100.0,100.0,66.113,0.0,55.7
DBLe5,46.084,79.6925,65.749,0.0,97.264,0.0,0.0,69.91550000000001,0.0,0.0,0.0,0.0,0.0,0.0,100.0,0.0,0.0,100.0,0.0,0.0,0.0,0.0,0.0,0.0,0.0,0,0.0,0.0,0.0,0.0,0.0,0.0,0.0,0.0,0.0,0.0,0.0,0.0,88.0,100.0,0.0,0.0,0.0,0.0,0.0,0.0
DBLe6,79.936,80.255,83.067,0.0,69.58600000000001,83.439,77.532,81.789,100.0,100.0,100.0,99.685,0.0,0.0,68.79,100.0,0.0,73.163,83.121,90.735,0.0,0.0,0.0,0.0,99.385,0,51.765,0.0,73.333,55.625,77.848,0.0,100.0,0.0,56.765,100.0,0.0,0.0,64.6695,62.42,55.535,0.0,48.615,81.978,100.0,0.0
DBLe7,38.225,57.985,83.746,0.0,82.0925,0.0,0.0,0.0,0.0,0.0,0.0,0.0,0.0,0.0,83.746,0.0,0.0,52.222,0.0,0.0,0.0,0.0,0.0,0.0,0.0,0,0.0,0.0,0.0,0.0,0.0,0.0,0.0,0.0,0.0,0.0,0.0,0.0,0.0,0.0,0.0,0.0,0.0,0.0,0.0,0.0
DBLe8,43.6,96.959,96.959,0.0,0.0,96.959,0.0,97.128,0.0,0.0,0.0,0.0,0.0,0.0,0.0,0.0,0.0,0.0,0.0,0.0,0.0,0.0,96.284,96.959,0.0,0,0.0,0.0,0.0,0.0,0.0,0.0,0.0,0.0,0.0,0.0,0.0,0.0,0.0,0.0,0.0,0.0,0.0,97.128,0.0,0.0
DBLe9,45.963,49.216,45.846,0.0,100.0,62.382,54.489,48.287,58.3075,78.616,78.157,88.31725,0.0,0.0,49.495000000000005,0.0,54.969,100.0,0.0,0.0,0.0,0.0,0.0,0.0,0.0,0,62.382,0.0,0.0,54.489,60.87,100.0,0.0,0.0,100.0,51.713,0.0,0.0,66.149,100.0,100.0,0.0,64.286,61.5985,0.0,0.0
DBLz1,55.529,64.896,93.147,0.0,86.4065,0.0,0.0,100.0,63.38,88.389,0.0,78.947,0.0,0.0,77.778,0.0,0.0,100.0,0.0,0.0,0.0,0.0,0.0,0.0,0.0,0,0.0,0.0,0.0,0.0,0.0,0.0,0.0,0.0,0.0,0.0,0.0,0.0,0.0,100.0,0.0,0.0,0.0,0.0,0.0,0.0
DBLz2,87.152,87.366,87.152,0.0,67.599,87.9015,69.535,87.554,100.0,51.162000000000006,0.0,50.5075,0.0,0.0,68.471,54.333,0.0,69.1955,88.009,93.991,0.0,0.0,0.0,0.0,0.0,0,89.51,100.0,0.0,54.167,69.535,0.0,94.881,0.0,0.0,0.0,0.0,0.0,81.235,100.0,0.0,100.0,94.762,88.412,94.004,91.221
DBLz3,48.723,49.673,51.528,0.0,54.1665,63.931,53.047,97.797,100.0,100.0,0.0,100.0,0.0,0.0,44.851,100.0,0.0,89.977,0.0,0.0,0.0,0.0,95.6645,94.2565,96.963,0,90.58,0.0,97.9075,0.0,53.047,0.0,0.0,0.0,0.0,100.0,0.0,0.0,99.182,97.577,100.0,0.0,0.0,97.357,100.0,0.0
DBLz4,46.727,53.793,54.167,0.0,54.483,53.636,88.095,55.862,100.0,60.047,100.0,62.1,0.0,0.0,50.926,0.0,0.0,55.465,0.0,0.0,0.0,0.0,0.0,0.0,0.0,0,53.636,0.0,0.0,0.0,88.095,52.224000000000004,60.981,0.0,0.0,0.0,0.0,0.0,53.881,51.708,0.0,56.109,100.0,100.0,0.0,100.0
DBLz5,63.17,64.269,68.902,0.0,65.734,99.76,68.692,69.142,64.583,65.80850000000001,0.0,79.953,0.0,0.0,65.2375,0.0,0.0,67.61775,0.0,0.0,100.0,100.0,0.0,0.0,0.0,0,70.055,100.0,0.0,68.692,73.598,0.0,63.781,0.0,0.0,0.0,0.0,0.0,100.0,100.0,86.946,0.0,80.047,87.1405,0.0,74.014
DBLz6,46.065,56.744,61.395,0.0,62.877,54.43825,59.21525,59.346,54.118,62.181,100.0,100.0,0.0,0.0,55.4735,0.0,43.653,57.432,0.0,0.0,0.0,0.0,0.0,0.0,0.0,0,54.43825,0.0,0.0,58.212,81.294,100.0,0.0,0.0,71.1765,0.0,0.0,0.0,57.809,100.0,62.588,0.0,54.46775,59.346,0.0,0.0
CIDRa1.1,71.713,71.888,71.774,0.0,71.713,0.0,0.0,0.0,74.4,72.619,0.0,0.0,100.0,81.74600000000001,70.866,100.0,79.365,100.0,0.0,0.0,0.0,0.0,0.0,0.0,0.0,0,0.0,0.0,0.0,0.0,0.0,0.0,0.0,0.0,0.0,0.0,0.0,0.0,0.0,0.0,0.0,0.0,0.0,0.0,0.0,0.0
CIDRa1.5,67.2,67.315,67.331,0.0,0.0,0.0,67.323,0.0,0.0,0.0,0.0,0.0,0.0,0.0,0.0,0.0,0.0,0.0,0.0,0.0,0.0,0.0,0.0,0.0,0.0,0,0.0,0.0,0.0,68.627,68.7005,76.892,70.635,72.613,0.0,0.0,0.0,0.0,0.0,0.0,0.0,0.0,0.0,0.0,0.0,0.0
CIDRa1.7,50.996,0.0,0.0,0.0,0.0,0.0,0.0,0.0,0.0,0.0,0.0,0.0,0.0,0.0,0.0,0.0,0.0,0.0,0.0,0.0,0.0,0.0,0.0,0.0,0.0,0,0.0,0.0,0.0,0.0,0.0,0.0,0.0,0.0,0.0,0.0,0.0,0.0,0.0,0.0,0.0,0.0,0.0,0.0,0.0,0.0
CIDRa1.8,70.751,71.255,71.032,0.0,70.75875,0.0,0.0,0.0,0.0,0.0,74.35,73.518,0.0,0.0,0.0,0.0,0.0,72.222,0.0,0.0,0.0,0.0,0.0,0.0,0.0,0,0.0,0.0,0.0,0.0,0.0,0.0,0.0,0.0,0.0,0.0,0.0,0.0,0.0,0.0,0.0,0.0,0.0,0.0,0.0,0.0
CIDRb1,47.71,48.221,48.101,0.0,48.419,51.341,48.3315,48.092,47.909,48.249,47.584,52.053,100.0,51.962,48.819,0.0,48.473,49.47125,0.0,0.0,0.0,0.0,0.0,0.0,0.0,0,51.341,0.0,0.0,48.057,53.675,52.884,0.0,0.0,48.968999999999994,47.826,45.729,49.031,49.20099999999999,56.226,48.3275,46.718,100.0,100.0,0.0,0.0
CIDRb2,76.863,76.471,77.647,0.0,75.0135,76.863,100.0,99.213,0.0,0.0,0.0,0.0,0.0,0.0,0.0,0.0,0.0,0.0,77.165,0.0,100.0,0.0,0.0,78.431,77.953,0,78.9015,83.03925000000001,0.0,0.0,100.0,0.0,0.0,0.0,100.0,100.0,0.0,0.0,0.0,0.0,99.213,0.0,99.40950000000001,0.0,0.0,100.0
CIDRb3,55.118,54.1325,55.649,100.0,50.593,55.828500000000005,55.466,55.02,50.488,49.25175,57.087,0.0,0.0,0.0,50.1975,0.0,0.0,52.209,0.0,0.0,0.0,0.0,0.0,0.0,0.0,0,55.828500000000005,0.0,0.0,53.755,54.960499999999996,100.0,71.697,0.0,56.42,54.724,0.0,57.361999999999995,54.655,56.349,54.51,55.118,53.07,54.007,0.0,57.087
CIDRb4,49.412,50.0,48.996,0.0,50.403,51.479,49.79425,49.9505,100.0,48.804500000000004,48.425,100.0,0.0,0.0,47.624,0.0,0.0,100.0,0.0,0.0,0.0,0.0,0.0,0.0,0.0,0,51.575,0.0,0.0,50.593,48.571,57.322,52.691,0.0,100.0,50.607,91.7325,51.2695,50.394,50.0,51.653,52.05975,49.0095,49.3105,0.0,52.463
CIDRb5,48.643,51.19,51.341,0.0,51.6,0.0,52.8,50.39274999999999,53.162499999999994,50.769,100.0,99.8015,0.0,52.4005,52.381,100.0,47.867,50.6495,0.0,0.0,0.0,0.0,0.0,0.0,0.0,0,0.0,0.0,0.0,52.419,59.74,50.731,0.0,0.0,51.408,50.201,0.0,0.0,53.208,100.0,49.701,0.0,47.843,0.0,0.0,0.0
CIDRb6,47.222,49.398,49.808,0.0,49.213,0.0,51.5685,48.101,100.0,52.5195,53.441,51.44,0.0,53.815,48.016,0.0,51.004,51.2755,0.0,0.0,0.0,0.0,0.0,0.0,0.0,0,0.0,0.0,0.0,50.794,0.0,100.0,0.0,0.0,48.867000000000004,49.609,0.0,0.0,56.371,0.0,47.921499999999995,0.0,100.0,0.0,0.0,0.0
CIDRb7,48.832499999999996,51.931,66.406,0.0,52.51,0.0,45.537000000000006,0.0,0.0,51.0535,0.0,100.0,0.0,0.0,0.0,0.0,0.0,100.0,0.0,0.0,0.0,0.0,0.0,0.0,0.0,0,0.0,0.0,0.0,45.537000000000006,0.0,0.0,0.0,0.0,0.0,0.0,0.0,0.0,0.0,0.0,0.0,0.0,0.0,0.0,0.0,0.0
CIDRg1,41.736,48.485,50.923,0.0,46.939,66.7525,55.02,48.79,51.9915,47.791,100.0,58.159,0.0,50.0,52.61,0.0,53.846,50.0,0.0,0.0,0.0,0.0,0.0,0.0,0.0,0,48.6165,99.59,0.0,56.327,51.703500000000005,0.0,0.0,0.0,100.0,48.387,0.0,99.588,48.387,78.452,61.8655,0.0,0.0,52.61,0.0,0.0
CIDRg10,38.813,55.229,81.3185,0.0,56.323499999999996,0.0,0.0,100.0,54.104,54.275,0.0,0.0,0.0,0.0,78.5635,0.0,0.0,0.0,0.0,0.0,0.0,0.0,0.0,0.0,0.0,0,0.0,0.0,0.0,0.0,0.0,0.0,0.0,0.0,0.0,0.0,0.0,0.0,100.0,0.0,0.0,0.0,0.0,0.0,0.0,0.0
CIDRg11,40.449,56.6995,58.889,0.0,54.5965,0.0,56.031,58.4445,0.0,56.134,0.0,100.0,0.0,0.0,78.148,0.0,0.0,0.0,0.0,0.0,0.0,0.0,0.0,0.0,0.0,0,0.0,0.0,0.0,56.031,0.0,0.0,0.0,0.0,60.489000000000004,0.0,0.0,0.0,0.0,0.0,0.0,0.0,0.0,0.0,0.0,0.0
CIDRg12,38.938,55.682500000000005,0.0,0.0,54.198,0.0,0.0,57.09,0.0,60.294,0.0,0.0,0.0,0.0,0.0,0.0,0.0,0.0,0.0,0.0,0.0,0.0,0.0,0.0,0.0,0,0.0,0.0,0.0,0.0,0.0,0.0,0.0,0.0,0.0,0.0,0.0,0.0,0.0,0.0,0.0,0.0,0.0,0.0,0.0,0.0
CIDRg2,47.638,51.383,53.232,0.0,52.7385,100.0,55.159,51.145,43.3235,46.899,0.0,100.0,0.0,51.6255,52.788,100.0,52.2475,50.996,0.0,0.0,0.0,0.0,0.0,0.0,0.0,0,100.0,0.0,0.0,50.8715,94.59450000000001,51.5285,100.0,0.0,48.83375,49.416,0.0,0.0,54.373,50.196,53.3405,100.0,49.314499999999995,52.308,0.0,0.0
CIDRg3,48.627,48.4315,48.821,0.0,0.0,84.127,0.0,62.55,0.0,0.0,0.0,0.0,0.0,0.0,0.0,0.0,0.0,0.0,0.0,88.88900000000001,0.0,86.11125000000001,86.111,0.0,0.0,0,85.317,79.9605,89.328,0.0,0.0,0.0,0.0,0.0,0.0,0.0,0.0,0.0,0.0,0.0,0.0,0.0,66.798,78.21,0.0,71.094
CIDRg4,40.3605,54.217,65.942,0.0,55.294,0.0,58.445,60.643,55.985,54.584999999999994,0.0,0.0,0.0,0.0,53.2635,0.0,0.0,100.0,0.0,0.0,0.0,0.0,0.0,0.0,0.0,0,0.0,0.0,0.0,59.489,0.0,0.0,0.0,0.0,100.0,60.219,0.0,0.0,0.0,0.0,0.0,0.0,0.0,0.0,0.0,0.0
CIDRg5,41.098,56.343,100.0,0.0,58.582,0.0,79.18299999999999,52.1725,100.0,100.0,0.0,52.174,0.0,0.0,56.455,0.0,0.0,0.0,0.0,0.0,0.0,0.0,0.0,0.0,0.0,0,0.0,0.0,0.0,0.0,79.18299999999999,0.0,0.0,0.0,100.0,75.8365,0.0,0.0,56.25,66.787,58.712,0.0,0.0,0.0,0.0,0.0
CIDRg6,50.382,51.02,100.0,0.0,50.388,55.556,89.286,100.0,0.0,0.0,0.0,100.0,0.0,0.0,53.917,0.0,45.594,55.294,0.0,0.0,0.0,0.0,0.0,0.0,0.0,0,55.556,0.0,0.0,48.33,92.0535,0.0,90.476,0.0,100.0,51.934,0.0,0.0,45.553,53.953,100.0,0.0,47.5925,56.78,100.0,89.2855
CIDRg7,38.9825,55.9725,57.8655,0.0,54.198,0.0,52.9585,56.311,66.016,53.268,0.0,0.0,0.0,0.0,47.843,0.0,0.0,0.0,0.0,0.0,0.0,0.0,0.0,0.0,0.0,0,0.0,0.0,0.0,50.068,0.0,0.0,0.0,0.0,0.0,0.0,100.0,0.0,0.0,0.0,61.726,100.0,0.0,0.0,0.0,0.0
CIDRg8,46.215,57.576,100.0,0.0,57.197,0.0,100.0,64.6015,100.0,54.647,0.0,0.0,0.0,0.0,52.133,0.0,0.0,0.0,0.0,0.0,0.0,0.0,0.0,0.0,0.0,0,0.0,0.0,0.0,100.0,0.0,72.925,0.0,0.0,100.0,0.0,0.0,0.0,0.0,0.0,53.191,0.0,0.0,0.0,0.0,0.0
CIDRg9,47.451,95.161,55.985,0.0,56.6075,100.0,99.194,100.0,75.926,49.58,0.0,49.47,0.0,0.0,58.109,0.0,0.0,100.0,0.0,0.0,0.0,0.0,0.0,0.0,0.0,0,100.0,0.0,0.0,100.0,100.0,42.231,0.0,0.0,0.0,0.0,0.0,0.0,0.0,0.0,100.0,0.0,0.0,97.5805,0.0,0.0
CIDRd1,69.412,69.141,69.261,0.0,64.239,83.529,100.0,69.141,62.6125,100.0,0.0,0.0,0.0,0.0,68.627,0.0,0.0,100.0,0.0,0.0,0.0,0.0,0.0,0.0,0.0,0,83.529,0.0,0.0,66.8035,69.02,0.0,100.0,0.0,70.683,70.635,0.0,0.0,67.578,69.841,91.373,0.0,99.608,0.0,0.0,78.438
CIDRd2,65.217,71.765,65.574,83.858,0.0,0.0,0.0,68.627,0.0,0.0,0.0,0.0,0.0,0.0,0.0,0.0,0.0,0.0,0.0,0.0,0.0,0.0,0.0,0.0,0.0,0,0.0,0.0,0.0,0.0,0.0,0.0,0.0,0.0,0.0,0.0,74.5135,72.94200000000001,0.0,0.0,72.941,98.814,0.0,0.0,0.0,100.0
