Domain,Count_total,Count_Africa,Count_Asia,Count_S.America,Count_DC8,Count_DC11,Count_DC15,Count_DC16,Count_DBLa2-CIDRa1.1 head with DBLb12-DBLg6,Count_DBLa2-CIDRa1.1 head with DBLb12-DBLg4,Count_DBLa2-CIDRa1.8 head with DBLb12-DBLg6,Count_DBLa2-CIDRa1.8 head with DBLb12-DBLg4,Count_DBLa1.2-CIDRa1.1 head with DBLb12-DBLg4,Count_DBLa1.2-CIDRa1.1 head with DBLb12-DBLg6,Count_DBLa2-CIDRa1.1 head with DBLb-x,Count_DBLa2-CIDRa1.1 head with DBLg-x,Count_DBLa1.2-CIDRa1.1 head with DBLb-x,Count_DBLa2-CIDRa1.8 head with DBLb-x,Count_TM284var1-like with CIDRb2 head,Count_TM284var1-like with CIDRg3 head,Count_IT4var60-like with CIDRb2 head,Count_IT4var60-like with CIDRg3 head,Count_11019var1-like with CIDRg3 head,Count_11019var1-like with CIDRb2 head,Count_DC11 DBLz3 variant with CIDRb2 head,Count_DC11 DBLz3 variant with CIDRg3 head,Count_DBLd-C,Count_DBLe ending,Count_DBLe1-C,Count_DBLa1.2-CIDRa1.5b head structure with DBLb,Count_DBLa1.2-CIDRa1.5b head structure with DBLg,Count_DBLa1.2-CIDRa1.5a head structure with DBLb,Count_DBLa1.2-CIDRa1.5a head structure with DBLg,Count_DBLa1.2-CIDRa1.5a head structure with DBLd,Count_DBLa1.5-CIDRd1 head structure with DBLb,Count_DBLa1.5-CIDRd1 head structure with DBLg,Count_DBLa1.5-CIDRd2 head structure with DBLb,Count_DBLa1.5-CIDRd2 head structure with DBLg,Count_DBLa1.6-CIDRd1 head structure with DBLb,Count_DBLa1.6-CIDRd1 head structure with DBLg,Count_DBLa1.6-CIDRd2 head structure with DBLb,Count_DBLa1.6-CIDRd2 head structure with DBLg,Count_DBLa1.6-CIDRg3 head structure with DBLb,Count_DBLa1.6-CIDRg3 head structure with DBLg,Count_DBLa1.6-CIDRg6 head structure with DBLg,Count_other
DBLa1.2,1909,1062,846,0,130,0,1779,0,0,0,0,0,15,58,0,0,57,0,0,0,0,0,0,0,0,0,0,0,0,867,632,213,64,3,0,0,0,0,0,0,0,0,0,0,0,0
DBLa1.5,868,457,409,0,0,0,0,868,0,0,0,0,0,0,0,0,0,0,0,0,0,0,0,0,0,0,0,0,0,0,0,0,0,0,401,400,28,35,0,0,0,0,0,0,0,4
DBLa1.6,2336,1147,1186,2,0,0,0,2336,0,0,0,0,0,0,0,0,0,0,0,0,0,0,0,0,0,0,0,0,0,0,0,0,0,0,0,0,0,0,506,377,366,71,183,647,162,24
DBLa1.8,1341,686,654,0,0,1341,0,0,0,0,0,0,0,0,0,0,0,0,673,9,145,18,36,121,131,0,155,43,4,0,0,0,0,0,0,0,0,0,0,0,0,0,0,0,0,5
DBLa2,3056,1679,1377,0,3057,0,0,0,363,539,116,401,0,0,1023,17,0,598,0,0,0,0,0,0,0,0,0,0,0,0,0,0,0,0,0,0,0,0,0,0,0,0,0,0,0,0
DBLb1,136,86,49,0,121,0,10,3,0,0,0,0,0,0,114,0,0,7,0,0,0,0,0,0,0,0,0,0,0,10,0,0,0,0,0,0,0,0,2,0,0,0,0,0,0,0
DBLb10,28,19,8,0,14,0,0,13,0,0,0,0,0,0,12,0,0,2,0,0,0,0,0,0,0,0,0,0,0,0,0,0,0,0,5,0,0,0,2,0,2,0,2,0,0,0
DBLb11,6,2,4,0,6,0,0,0,0,0,0,0,0,0,6,0,0,0,0,0,0,0,0,0,0,0,0,0,0,0,0,0,0,0,0,0,0,0,0,0,0,0,0,0,0,0
DBLb12,2587,1428,1159,0,2531,0,40,15,363,539,116,400,15,57,616,0,51,373,0,0,0,0,0,0,0,0,0,0,0,38,0,2,0,0,5,0,0,0,0,0,0,0,9,0,0,0
DBLb13,10,9,0,0,6,0,0,3,0,0,0,0,0,0,6,0,0,0,0,0,0,0,0,0,0,0,0,0,0,0,0,0,0,0,0,2,0,0,0,0,0,0,0,0,0,0
DBLb3,1110,601,508,0,347,0,421,341,0,0,0,0,0,0,154,0,6,186,0,0,0,0,0,0,0,0,0,0,0,380,6,35,0,0,139,7,13,0,126,0,18,0,33,0,0,0
DBLb4,142,91,51,0,142,0,0,0,0,0,0,0,0,0,109,4,0,29,0,0,0,0,0,0,0,0,0,0,0,0,0,0,0,0,0,0,0,0,0,0,0,0,0,0,0,0
DBLb5,70,57,13,0,48,0,3,18,0,0,0,0,0,0,35,0,0,12,0,0,0,0,0,0,0,0,0,0,0,3,0,0,0,0,0,2,0,2,0,0,0,0,8,0,0,0
DBLb6,1792,999,792,0,16,19,739,1017,0,8,0,0,0,0,4,0,0,0,0,0,0,0,0,0,0,0,19,0,0,435,78,217,8,0,149,27,2,0,331,38,323,2,107,23,0,10
DBLb7,796,462,332,2,2,8,262,523,0,0,0,0,0,0,0,0,2,0,0,0,0,0,0,0,0,0,8,0,0,141,77,38,6,0,125,56,9,4,109,49,85,4,54,25,0,0
DBLb8,9,9,0,0,9,0,0,0,0,0,0,0,0,0,5,0,0,4,0,0,0,0,0,0,0,0,0,0,0,0,0,0,0,0,0,0,0,0,0,0,0,0,0,0,0,0
DBLb9,610,359,250,0,11,54,191,354,0,0,2,0,0,0,9,0,0,0,0,0,0,0,0,0,0,0,54,0,0,70,94,6,15,2,14,48,0,9,44,117,31,8,14,50,0,14
DBLg1,112,86,26,0,0,0,2,110,0,0,0,0,0,0,0,0,0,0,0,0,0,0,0,0,0,0,0,0,0,0,0,0,0,0,2,0,4,0,54,0,48,0,0,0,0,0
DBLg10,462,232,230,0,57,2,130,272,0,0,0,0,0,2,40,0,0,8,0,0,0,0,0,0,0,0,2,0,0,64,59,4,0,0,17,59,0,6,48,13,95,4,22,5,0,0
DBLg11,1670,949,717,2,308,24,459,879,3,0,0,0,0,35,191,0,13,58,0,0,0,0,0,0,0,0,24,0,0,223,143,86,6,0,235,202,8,16,150,48,69,41,60,39,0,2
DBLg12,1300,752,546,2,59,0,355,886,0,0,0,0,0,4,43,0,10,0,0,0,0,0,0,0,0,0,0,0,0,142,155,27,29,0,37,169,2,14,173,224,111,19,45,86,4,0
DBLg13,507,220,284,0,332,6,51,117,5,0,0,0,0,0,147,0,0,174,0,0,0,0,0,0,0,0,6,0,0,24,15,0,7,0,37,29,0,3,13,18,2,0,3,6,0,0
DBLg14,426,298,128,0,241,0,94,91,10,12,0,3,0,0,150,10,0,56,0,0,0,0,0,0,0,0,0,0,0,82,12,0,0,0,8,0,0,0,42,6,25,0,3,0,0,0
DBLg15,518,216,303,0,0,0,0,518,0,0,0,0,0,0,0,0,0,0,0,0,0,0,0,0,0,0,0,0,0,0,0,0,0,0,7,0,0,0,4,10,15,0,0,324,158,0
DBLg16,110,54,55,0,8,0,54,47,0,0,0,0,0,0,5,0,3,0,0,0,0,0,0,0,0,0,0,0,0,48,0,6,0,0,2,6,2,0,2,0,9,0,15,8,0,0
DBLg17,230,136,92,0,17,2,190,20,5,3,0,0,0,0,7,0,0,0,0,0,0,0,0,0,0,0,2,0,0,4,166,2,16,0,0,0,0,0,0,0,0,0,3,12,0,0
DBLg18,285,104,179,0,3,0,0,280,0,0,0,0,0,0,2,0,0,0,0,0,0,0,0,0,0,0,0,0,0,0,0,0,0,0,0,0,0,0,0,0,2,0,0,136,142,0
DBLg2,1376,821,554,0,171,0,713,491,0,8,0,4,2,3,67,3,38,44,0,0,0,0,0,0,0,0,0,0,0,432,154,111,16,0,107,162,9,13,92,25,29,13,18,18,0,0
DBLg3,127,66,59,0,107,0,7,12,0,0,0,0,0,0,86,0,0,21,0,0,0,0,0,0,0,0,0,0,0,5,0,0,0,0,3,0,0,0,0,0,0,0,0,5,0,0
DBLg4,1881,1057,824,0,1062,0,553,265,0,540,0,400,15,0,82,0,16,8,0,0,0,0,0,0,0,0,0,0,0,293,93,147,19,0,49,25,7,4,49,89,24,0,10,4,0,0
DBLg5,186,99,87,0,63,0,84,38,0,0,0,0,0,0,43,0,3,16,0,0,0,0,0,0,0,0,0,0,0,75,8,0,0,0,12,2,0,0,10,0,9,0,4,0,0,0
DBLg6,743,380,361,0,590,4,64,84,363,0,116,0,0,58,48,0,2,3,0,0,0,0,0,0,0,0,4,0,0,39,2,23,0,0,13,11,7,0,3,7,14,0,13,12,0,0
DBLg7,1620,787,832,0,0,1340,129,151,0,0,0,0,0,0,0,0,0,0,673,9,145,18,36,121,131,0,154,43,4,0,122,0,7,0,0,0,0,0,0,0,0,0,0,150,0,5
DBLg9,226,107,118,0,20,13,82,109,10,0,0,0,0,4,3,0,0,0,0,0,0,0,0,0,0,0,13,0,0,15,63,0,3,0,12,9,0,0,22,0,37,0,18,7,0,2
DBLd1,2454,1300,1152,0,1367,0,451,633,259,307,70,147,13,40,300,0,35,192,0,0,0,0,0,0,0,0,0,0,0,355,39,56,0,0,124,184,4,12,105,47,79,10,38,24,0,0
DBLd2,77,30,45,0,5,7,26,38,0,0,0,0,0,0,0,0,0,0,0,0,0,0,0,0,0,0,7,0,0,2,21,0,2,0,0,0,0,0,11,0,6,0,0,18,0,0
DBLd3,195,89,106,0,18,42,85,47,0,0,0,4,0,0,0,10,0,0,0,0,0,0,0,0,0,0,42,0,0,15,63,3,4,0,3,6,0,0,7,0,9,0,4,17,0,0
DBLd4,451,262,188,0,73,33,158,186,4,16,2,0,0,0,39,0,0,6,0,0,0,0,0,0,0,0,31,2,0,31,122,0,5,0,23,13,3,3,21,16,41,3,17,41,0,4
DBLd5,1552,818,729,2,60,82,600,808,0,8,3,4,0,0,31,4,0,4,0,0,0,0,0,0,0,0,81,0,0,185,286,91,35,0,33,132,3,13,125,228,91,15,42,100,2,22
DBLd6,34,19,13,0,2,0,20,10,2,0,0,0,0,0,0,0,0,0,0,0,0,0,0,0,0,0,0,0,0,0,17,0,2,0,0,4,0,0,0,0,2,0,0,0,0,0
DBLd7,29,12,17,0,13,0,3,13,0,0,0,0,0,0,4,0,0,7,0,0,0,0,0,0,0,0,0,0,0,0,3,0,0,0,0,9,0,0,2,0,0,2,0,0,0,0
DBLd8,14,8,5,0,2,0,2,9,0,0,0,0,0,0,0,0,0,0,0,0,0,0,0,0,0,0,0,0,0,0,0,0,0,0,0,0,0,0,0,0,4,0,2,0,0,0
DBLd9,12,2,8,0,0,0,0,9,0,0,0,0,0,0,0,0,0,0,0,0,0,0,0,0,0,0,0,0,0,0,0,0,0,0,0,0,0,0,0,3,0,0,4,0,0,0
DBLe1,469,263,206,0,0,4,9,456,0,0,0,0,0,0,0,0,0,0,0,0,0,0,0,0,0,0,0,0,4,8,0,0,0,0,11,0,4,0,58,11,69,0,2,285,16,0
DBLe10,1,0,0,0,0,0,0,0,0,0,0,0,0,0,0,0,0,0,0,0,0,0,0,0,0,0,0,0,0,0,0,0,0,0,0,0,0,0,0,0,0,0,0,0,0,0
DBLe11,1483,728,753,0,22,1211,42,207,0,7,0,6,0,0,8,0,0,0,673,9,145,18,36,121,131,0,0,69,0,0,39,0,2,0,0,0,0,0,5,4,0,0,7,184,7,5
DBLe12,376,121,253,0,134,166,53,21,0,62,0,17,0,0,50,0,0,5,0,0,145,18,0,0,0,0,3,0,0,2,50,0,0,0,0,0,0,0,0,0,3,0,0,15,0,0
DBLe13,384,194,189,0,9,78,115,182,6,0,0,0,0,0,3,0,0,0,0,0,0,0,0,0,0,0,78,0,0,2,105,0,7,0,4,2,0,0,62,5,63,8,4,31,0,2
DBLe14,110,52,56,0,67,0,0,42,0,9,0,21,0,0,31,0,0,6,0,0,0,0,0,0,0,0,0,0,0,0,0,0,0,0,0,0,0,0,0,0,0,33,0,7,0,0
DBLe2,140,56,84,0,65,2,26,47,0,0,0,0,0,0,48,9,0,8,0,0,0,0,0,0,0,0,0,0,0,2,24,0,0,0,0,5,0,0,17,14,0,0,0,10,0,0
DBLe3,201,108,93,0,97,43,9,52,0,12,0,21,0,0,54,0,0,9,0,0,0,0,0,0,0,0,0,43,0,2,7,0,0,0,0,0,0,0,10,11,0,0,6,24,0,0
DBLe4,1036,662,374,0,538,28,246,224,19,23,0,100,0,0,294,0,0,102,0,0,0,0,0,0,0,0,28,0,0,71,154,0,21,0,0,0,0,0,93,7,76,2,25,15,0,2
DBLe5,18,9,9,0,10,0,0,7,0,0,0,0,0,0,5,0,0,4,0,0,0,0,0,0,0,0,0,0,0,0,0,0,0,0,0,0,0,0,3,4,0,0,0,0,0,0
DBLe6,1706,846,859,0,280,821,23,582,11,5,26,37,0,0,70,10,0,120,673,9,0,0,0,0,131,0,2,0,4,2,17,0,2,0,4,5,0,0,26,12,22,0,2,356,155,0
DBLe7,45,18,26,0,42,0,0,0,0,0,0,0,0,0,35,0,0,7,0,0,0,0,0,0,0,0,0,0,0,0,0,0,0,0,0,0,0,0,0,0,0,0,0,0,0,0
DBLe8,175,67,107,0,0,157,0,16,0,0,0,0,0,0,0,0,0,0,0,0,0,0,36,121,0,0,0,0,0,0,0,0,0,0,0,0,0,0,0,0,0,0,0,16,0,0
DBLe9,392,115,276,0,200,2,40,150,4,18,2,8,0,0,26,0,2,139,0,0,0,0,0,0,0,0,2,0,0,16,21,2,0,0,16,2,0,0,18,67,20,0,14,12,0,0
DBLz1,306,85,221,0,232,0,0,72,4,18,0,41,0,0,40,0,0,129,0,0,0,0,0,0,0,0,0,0,0,0,0,0,0,0,0,0,0,0,0,72,0,0,0,0,0,0
DBLz2,1301,693,607,0,255,727,119,200,3,15,0,23,0,0,163,2,0,49,673,9,0,0,0,0,0,0,13,29,0,2,100,0,17,0,0,0,0,0,13,2,0,35,16,127,6,2
DBLz3,1202,543,657,0,368,297,48,489,9,59,0,18,0,0,127,9,0,144,0,0,0,0,36,121,131,0,4,0,3,0,45,0,0,0,0,5,0,0,26,23,11,0,0,271,151,0
DBLz4,309,126,182,0,139,40,69,61,8,8,16,16,0,0,74,0,0,17,0,0,0,0,0,0,0,0,38,0,0,0,58,3,8,0,0,0,0,0,4,2,0,9,30,14,0,2
DBLz5,873,501,372,0,333,185,140,215,16,18,0,89,0,0,154,0,0,56,0,0,145,18,0,0,0,0,9,13,0,69,69,0,2,0,0,0,0,0,85,9,73,0,16,28,0,2
DBLz6,236,95,141,0,63,4,38,130,2,13,28,4,0,0,5,0,2,8,0,0,0,0,0,0,0,0,4,0,0,20,15,2,0,0,21,0,0,0,31,4,34,0,16,22,0,0
CIDRa1.1,2074,1202,872,0,2074,0,0,0,363,539,0,0,15,58,1023,17,57,2,0,0,0,0,0,0,0,0,0,0,0,0,0,0,0,0,0,0,0,0,0,0,0,0,0,0,0,0
CIDRa1.5,1779,973,805,0,0,0,1779,0,0,0,0,0,0,0,0,0,0,0,0,0,0,0,0,0,0,0,0,0,0,867,632,213,64,3,0,0,0,0,0,0,0,0,0,0,0,0
CIDRa1.7,1,0,0,0,0,0,0,0,0,0,0,0,0,0,0,0,0,0,0,0,0,0,0,0,0,0,0,0,0,0,0,0,0,0,0,0,0,0,0,0,0,0,0,0,0,0
CIDRa1.8,1112,565,546,0,1112,0,0,0,0,0,116,400,0,0,0,0,0,596,0,0,0,0,0,0,0,0,0,0,0,0,0,0,0,0,0,0,0,0,0,0,0,0,0,0,0,0
CIDRb1,1228,573,653,0,608,2,249,369,111,123,17,86,10,21,158,0,15,66,0,0,0,0,0,0,0,0,2,0,0,194,24,31,0,0,56,125,3,12,63,23,36,4,23,20,0,0
CIDRb2,1232,614,617,0,3,1193,10,22,0,0,0,0,0,0,0,0,0,0,673,0,145,0,0,121,131,0,76,40,0,0,8,0,0,0,2,7,0,0,0,0,4,0,4,0,0,2
CIDRb3,804,418,383,2,51,31,351,371,7,6,2,0,0,0,18,0,0,12,0,0,0,0,0,0,0,0,31,0,0,88,174,75,13,0,13,43,0,10,40,127,45,3,21,56,0,11
CIDRb4,793,441,352,0,61,50,264,418,8,3,2,5,0,0,9,0,0,31,0,0,0,0,0,0,0,0,49,0,0,108,119,22,14,0,24,85,3,3,71,89,62,10,15,42,0,11
CIDRb5,313,186,127,0,153,0,71,88,29,33,9,12,0,3,32,3,3,28,0,0,0,0,0,0,0,0,0,0,0,53,15,3,0,0,15,27,0,0,18,14,9,0,4,0,0,0
CIDRb6,302,209,93,0,232,0,36,34,66,62,11,21,0,4,37,0,5,24,0,0,0,0,0,0,0,0,0,0,0,32,0,4,0,0,8,13,0,0,5,0,3,0,2,0,0,0
CIDRb7,17,9,8,0,14,0,3,0,0,5,0,2,0,0,0,0,0,2,0,0,0,0,0,0,0,0,0,0,0,3,0,0,0,0,0,0,0,0,0,0,0,0,0,0,0,0
CIDRg1,177,104,73,0,92,5,27,53,13,18,26,2,0,2,15,0,2,13,0,0,0,0,0,0,0,0,3,2,0,11,15,0,0,0,5,4,0,2,13,5,9,0,0,14,0,0
CIDRg10,17,8,9,0,9,0,0,8,2,2,0,0,0,0,3,0,0,0,0,0,0,0,0,0,0,0,0,0,0,0,0,0,0,0,0,0,0,0,8,0,0,0,0,0,0,0
CIDRg11,17,12,5,0,7,0,2,8,0,2,0,2,0,0,3,0,0,0,0,0,0,0,0,0,0,0,0,0,0,2,0,0,0,0,4,0,0,0,0,0,0,0,0,0,0,0
CIDRg12,7,6,0,0,4,0,0,2,0,2,0,0,0,0,0,0,0,0,0,0,0,0,0,0,0,0,0,0,0,0,0,0,0,0,0,0,0,0,0,0,0,0,0,0,0,0
CIDRg2,317,175,142,0,45,43,103,126,3,6,0,4,0,3,12,10,3,4,0,0,0,0,0,0,0,0,43,0,0,27,65,6,4,0,10,12,0,0,20,12,11,10,17,31,0,0
CIDRg3,993,556,437,0,0,148,0,844,0,0,0,0,0,0,0,0,0,0,0,9,0,18,36,0,0,0,79,3,2,0,0,0,0,0,0,0,0,0,0,0,0,0,183,647,0,13
CIDRg4,44,22,22,0,21,0,3,20,4,4,0,0,0,0,6,0,0,5,0,0,0,0,0,0,0,0,0,0,0,2,0,0,0,0,15,4,0,0,0,0,0,0,0,0,0,0
CIDRg5,60,23,37,0,42,0,3,15,4,28,0,2,0,0,5,0,0,0,0,0,0,0,0,0,0,0,0,0,0,0,3,0,0,0,4,3,0,0,2,2,2,0,0,0,0,0
CIDRg6,389,122,266,0,32,19,82,256,0,0,0,7,0,0,18,0,2,2,0,0,0,0,0,0,0,0,19,0,0,13,65,0,4,0,14,5,0,0,7,6,22,0,7,30,162,3
CIDRg7,22,10,12,0,8,0,5,9,2,3,0,0,0,0,2,0,0,0,0,0,0,0,0,0,0,0,0,0,0,3,0,0,0,0,0,0,3,0,0,0,3,2,0,0,0,0
CIDRg8,28,18,10,0,10,0,13,5,2,2,0,0,0,0,3,0,0,0,0,0,0,0,0,0,0,0,0,0,0,10,0,3,0,0,2,0,0,0,0,0,2,0,0,0,0,0
CIDRg9,111,55,56,0,39,6,50,16,3,10,0,2,0,0,7,0,0,16,0,0,0,0,0,0,0,0,6,0,0,17,30,2,0,0,0,0,0,0,0,0,11,0,0,3,0,0
CIDRd1,1767,910,854,0,32,4,12,1719,3,13,0,0,0,0,10,0,0,4,0,0,0,0,0,0,0,0,4,0,0,3,2,0,7,0,402,409,0,0,511,379,4,0,2,0,0,12
CIDRd2,502,257,243,2,0,0,0,502,0,0,0,0,0,0,0,0,0,0,0,0,0,0,0,0,0,0,0,0,0,0,0,0,0,0,0,0,28,35,0,0,366,71,0,0,0,2
